E_eV,T,total_LDOS,frac_width0_edge_8A,frac_opposite_edge_8A
-2.500000000000000000e+00,2.146541450775203685e+01,1.810976858476656730e+02,1.350736833234705836e-01,1.902442678750641547e-01
-2.450000000000000178e+00,1.949267236008407167e+01,1.651797375545905311e+02,1.334645427071840251e-01,1.654038696709559941e-01
-2.400000000000000355e+00,1.562945946676995845e+01,1.220521817980806389e+02,1.368762512391812902e-01,1.094366880660160440e-01
-2.350000000000000533e+00,1.367582849590606742e+01,1.280468541436173950e+02,1.508922264899496823e-01,1.101039797427949968e-01
-2.300000000000000711e+00,1.171017548730080904e+01,9.454731308921340371e+01,1.228489334739912286e-01,1.022031670022096467e-01
-2.250000000000000888e+00,1.163599555021695409e+01,1.181059880610908976e+02,1.330180872876034759e-01,1.255810988233598824e-01
-2.200000000000001066e+00,7.798798366859156062e+00,6.612678088886028149e+01,9.869961842560998067e-02,9.879514122049107283e-02
-2.150000000000001243e+00,7.742941300592391940e+00,1.653028213651581382e+02,3.060144324853884823e-02,5.402491508310602875e-01
-2.100000000000001421e+00,4.064018884893782158e+00,8.702538144957136979e+01,5.792464617720576719e-02,3.165485547644518727e-01
-2.050000000000001599e+00,9.118514632554423427e-04,3.516625886752155594e+00,1.424337668455139330e-02,8.131676164116243832e-01
-2.000000000000001776e+00,1.075222826924025592e-06,3.462913505062323316e-01,8.826662337008303605e-02,3.954990883108678301e-01
-1.950000000000001954e+00,1.871883588436460827e-07,2.153878216289746850e-01,1.203319352705775475e-01,3.138292081846559833e-01
-1.900000000000002132e+00,7.820181260696311794e-08,1.669573267694562380e-01,1.429782339933400592e-01,2.712965233278053501e-01
-1.850000000000002309e+00,5.153464944961924495e-08,1.424792000174268103e-01,1.623883269687199649e-01,2.442209723468850013e-01
-1.800000000000002487e+00,4.467159664388905687e-08,1.289659762735533011e-01,1.814942952203700277e-01,2.249080108370032915e-01
-1.750000000000002665e+00,4.647617742910966270e-08,1.220795439866391857e-01,2.025378728688891905e-01,2.097268455347765514e-01
-1.700000000000002842e+00,5.602150869329645308e-08,1.203930617427208111e-01,2.280804018560003976e-01,1.964532215690180383e-01
-1.650000000000003020e+00,7.906454357836494584e-08,1.242092305398648233e-01,2.620814051719063675e-01,1.831656349480734192e-01
-1.600000000000003197e+00,1.410946818567914432e-07,1.362352033519614314e-01,3.121748331228532125e-01,1.672454352568557845e-01
-1.550000000000003375e+00,4.033801761643638907e-07,1.666873104066429190e-01,3.964309008449740102e-01,1.431987248864407536e-01
-1.500000000000003553e+00,3.823523017570861098e-06,2.789016194265487858e-01,5.689195852312354251e-01,9.488052926466818138e-02
-1.450000000000003730e+00,3.643432561753430221e+00,1.081613048032024551e+02,8.975155092601181384e-01,3.557928136766610539e-04
-1.400000000000003908e+00,3.903190155707636055e+00,3.138332548566922497e+01,9.071724370345622956e-01,1.429225197697530552e-03
-1.350000000000004086e+00,3.898650196804948731e+00,3.328457682911310656e+01,9.061219803716377141e-01,2.969798873148442493e-03
-1.300000000000004263e+00,5.790661288266531592e+00,6.814756839846057801e+01,5.301692244989527625e-01,3.257061593490854362e-02
-1.250000000000004441e+00,9.546071169617482255e+00,1.219249034085680563e+02,2.786746681071329279e-01,2.922765777025117528e-01
-1.200000000000004619e+00,3.928640912903166083e+00,2.749112422179691606e+01,7.879923257597010178e-01,6.109490802967947054e-02
